v4_0,mmm-yy,Time,uk-only,Geography,cpih1dim1aggid,Aggregate
105,Jan-20,Jan-20,K02000001,United Kingdom,CP12,12 Miscellaneous goods and services
112.1,Jan-20,Jan-20,K02000001,United Kingdom,CP08,08 Communication
117.5,Jan-20,Jan-20,K02000001,United Kingdom,CP10,10 Education
103.6,Jan-20,Jan-20,K02000001,United Kingdom,CP05,"05 Furniture, household equipment and maintenance"
111.6,Jan-20,Jan-20,K02000001,United Kingdom,CP06,06 Health
100.7,Jan-20,Jan-20,K02000001,United Kingdom,CP03,03 Clothing and footwear
111.5,Jan-20,Jan-20,K02000001,United Kingdom,CP07,07 Transport
115.7,Jan-20,Jan-20,K02000001,United Kingdom,CP02,02 Alcoholic beverages and tobacco
108.3,Jan-20,Jan-20,K02000001,United Kingdom,CP00,Overall Index
104.2,Jan-20,Jan-20,K02000001,United Kingdom,CP01,01 Food and non-alcoholic beverages
111.7,Jan-20,Jan-20,K02000001,United Kingdom,CP11,11 Restaurants and hotels
108.4,Jan-20,Jan-20,K02000001,United Kingdom,CP09,09 Recreation and culture
108,Jan-20,Jan-20,K02000001,United Kingdom,CP04,"04 Housing, water, electricity, gas and other fuels"
112.4,Feb-20,Feb-20,K02000001,United Kingdom,CP08,08 Communication
108.8,Feb-20,Feb-20,K02000001,United Kingdom,CP09,09 Recreation and culture
105.4,Feb-20,Feb-20,K02000001,United Kingdom,CP05,"05 Furniture, household equipment and maintenance"
108,Feb-20,Feb-20,K02000001,United Kingdom,CP04,"04 Housing, water, electricity, gas and other fuels"
101.6,Feb-20,Feb-20,K02000001,United Kingdom,CP03,03 Clothing and footwear
108.6,Feb-20,Feb-20,K02000001,United Kingdom,CP00,Overall Index
105.3,Feb-20,Feb-20,K02000001,United Kingdom,CP12,12 Miscellaneous goods and services
112.3,Feb-20,Feb-20,K02000001,United Kingdom,CP11,11 Restaurants and hotels
104.4,Feb-20,Feb-20,K02000001,United Kingdom,CP01,01 Food and non-alcoholic beverages
115.7,Feb-20,Feb-20,K02000001,United Kingdom,CP02,02 Alcoholic beverages and tobacco
117.5,Feb-20,Feb-20,K02000001,United Kingdom,CP10,10 Education
112.1,Feb-20,Feb-20,K02000001,United Kingdom,CP06,06 Health
112,Feb-20,Feb-20,K02000001,United Kingdom,CP07,07 Transport
105.6,Mar-20,Mar-20,K02000001,United Kingdom,CP12,12 Miscellaneous goods and services
112.4,Mar-20,Mar-20,K02000001,United Kingdom,CP11,11 Restaurants and hotels
108,Mar-20,Mar-20,K02000001,United Kingdom,CP04,"04 Housing, water, electricity, gas and other fuels"
101.2,Mar-20,Mar-20,K02000001,United Kingdom,CP03,03 Clothing and footwear
108.9,Mar-20,Mar-20,K02000001,United Kingdom,CP09,09 Recreation and culture
108.6,Mar-20,Mar-20,K02000001,United Kingdom,CP00,Overall Index
105.4,Mar-20,Mar-20,K02000001,United Kingdom,CP05,"05 Furniture, household equipment and maintenance"
111.4,Mar-20,Mar-20,K02000001,United Kingdom,CP07,07 Transport
116.2,Mar-20,Mar-20,K02000001,United Kingdom,CP02,02 Alcoholic beverages and tobacco
117.5,Mar-20,Mar-20,K02000001,United Kingdom,CP10,10 Education
112.5,Mar-20,Mar-20,K02000001,United Kingdom,CP06,06 Health
104.6,Mar-20,Mar-20,K02000001,United Kingdom,CP01,01 Food and non-alcoholic beverages
113.1,Mar-20,Mar-20,K02000001,United Kingdom,CP08,08 Communication
117.5,Apr-20,Apr-20,K02000001,United Kingdom,CP10,10 Education
112.4,Apr-20,Apr-20,K02000001,United Kingdom,CP06,06 Health
104.8,Apr-20,Apr-20,K02000001,United Kingdom,CP12,12 Miscellaneous goods and services
108.6,Apr-20,Apr-20,K02000001,United Kingdom,CP00,Overall Index
104.4,Apr-20,Apr-20,K02000001,United Kingdom,CP01,01 Food and non-alcoholic beverages
103.8,Apr-20,Apr-20,K02000001,United Kingdom,CP05,"05 Furniture, household equipment and maintenance"
117,Apr-20,Apr-20,K02000001,United Kingdom,CP02,02 Alcoholic beverages and tobacco
111.4,Apr-20,Apr-20,K02000001,United Kingdom,CP07,07 Transport
108.2,Apr-20,Apr-20,K02000001,United Kingdom,CP04,"04 Housing, water, electricity, gas and other fuels"
99.8,Apr-20,Apr-20,K02000001,United Kingdom,CP03,03 Clothing and footwear
113.7,Apr-20,Apr-20,K02000001,United Kingdom,CP08,08 Communication
109.4,Apr-20,Apr-20,K02000001,United Kingdom,CP09,09 Recreation and culture
113.1,Apr-20,Apr-20,K02000001,United Kingdom,CP11,11 Restaurants and hotels
117.3,May-20,May-20,K02000001,United Kingdom,CP02,02 Alcoholic beverages and tobacco
105,May-20,May-20,K02000001,United Kingdom,CP01,01 Food and non-alcoholic beverages
110.9,May-20,May-20,K02000001,United Kingdom,CP06,06 Health
117.5,May-20,May-20,K02000001,United Kingdom,CP10,10 Education
100,May-20,May-20,K02000001,United Kingdom,CP03,03 Clothing and footwear
110.3,May-20,May-20,K02000001,United Kingdom,CP07,07 Transport
108.6,May-20,May-20,K02000001,United Kingdom,CP00,Overall Index
114.3,May-20,May-20,K02000001,United Kingdom,CP08,08 Communication
104.5,May-20,May-20,K02000001,United Kingdom,CP05,"05 Furniture, household equipment and maintenance"
108.3,May-20,May-20,K02000001,United Kingdom,CP04,"04 Housing, water, electricity, gas and other fuels"
104.9,May-20,May-20,K02000001,United Kingdom,CP12,12 Miscellaneous goods and services
113.6,May-20,May-20,K02000001,United Kingdom,CP11,11 Restaurants and hotels
109.2,May-20,May-20,K02000001,United Kingdom,CP09,09 Recreation and culture
108.8,Jun-20,Jun-20,K02000001,United Kingdom,CP00,Overall Index
117.5,Jun-20,Jun-20,K02000001,United Kingdom,CP10,10 Education
105.4,Jun-20,Jun-20,K02000001,United Kingdom,CP05,"05 Furniture, household equipment and maintenance"
114.3,Jun-20,Jun-20,K02000001,United Kingdom,CP08,08 Communication
117,Jun-20,Jun-20,K02000001,United Kingdom,CP02,02 Alcoholic beverages and tobacco
110.8,Jun-20,Jun-20,K02000001,United Kingdom,CP07,07 Transport
113.2,Jun-20,Jun-20,K02000001,United Kingdom,CP11,11 Restaurants and hotels
104.4,Jun-20,Jun-20,K02000001,United Kingdom,CP01,01 Food and non-alcoholic beverages
99.9,Jun-20,Jun-20,K02000001,United Kingdom,CP03,03 Clothing and footwear
108.4,Jun-20,Jun-20,K02000001,United Kingdom,CP04,"04 Housing, water, electricity, gas and other fuels"
112.8,Jun-20,Jun-20,K02000001,United Kingdom,CP06,06 Health
109.5,Jun-20,Jun-20,K02000001,United Kingdom,CP09,09 Recreation and culture
105,Jun-20,Jun-20,K02000001,United Kingdom,CP12,12 Miscellaneous goods and services
114.8,Jul-20,Jul-20,K02000001,United Kingdom,CP08,08 Communication
105,Jul-20,Jul-20,K02000001,United Kingdom,CP12,12 Miscellaneous goods and services
105,Jul-20,Jul-20,K02000001,United Kingdom,CP05,"05 Furniture, household equipment and maintenance"
117.5,Jul-20,Jul-20,K02000001,United Kingdom,CP10,10 Education
99.2,Jul-20,Jul-20,K02000001,United Kingdom,CP03,03 Clothing and footwear
112.3,Jul-20,Jul-20,K02000001,United Kingdom,CP07,07 Transport
114.1,Jul-20,Jul-20,K02000001,United Kingdom,CP11,11 Restaurants and hotels
104.1,Jul-20,Jul-20,K02000001,United Kingdom,CP01,01 Food and non-alcoholic beverages
109.2,Jul-20,Jul-20,K02000001,United Kingdom,CP00,Overall Index
110.7,Jul-20,Jul-20,K02000001,United Kingdom,CP09,09 Recreation and culture
117.5,Jul-20,Jul-20,K02000001,United Kingdom,CP02,02 Alcoholic beverages and tobacco
108.6,Jul-20,Jul-20,K02000001,United Kingdom,CP04,"04 Housing, water, electricity, gas and other fuels"
113.9,Jul-20,Jul-20,K02000001,United Kingdom,CP06,06 Health
113.3,Aug-20,Aug-20,K02000001,United Kingdom,CP06,06 Health
117.5,Aug-20,Aug-20,K02000001,United Kingdom,CP10,10 Education
116.8,Aug-20,Aug-20,K02000001,United Kingdom,CP02,02 Alcoholic beverages and tobacco
104.2,Aug-20,Aug-20,K02000001,United Kingdom,CP01,01 Food and non-alcoholic beverages
113.5,Aug-20,Aug-20,K02000001,United Kingdom,CP07,07 Transport
108.8,Aug-20,Aug-20,K02000001,United Kingdom,CP11,11 Restaurants and hotels
105.5,Aug-20,Aug-20,K02000001,United Kingdom,CP05,"05 Furniture, household equipment and maintenance"
99.6,Aug-20,Aug-20,K02000001,United Kingdom,CP03,03 Clothing and footwear
108.8,Aug-20,Aug-20,K02000001,United Kingdom,CP00,Overall Index
105.1,Aug-20,Aug-20,K02000001,United Kingdom,CP12,12 Miscellaneous goods and services
110.2,Aug-20,Aug-20,K02000001,United Kingdom,CP09,09 Recreation and culture
114.8,Aug-20,Aug-20,K02000001,United Kingdom,CP08,08 Communication
108.7,Aug-20,Aug-20,K02000001,United Kingdom,CP04,"04 Housing, water, electricity, gas and other fuels"
116.9,Sep-20,Sep-20,K02000001,United Kingdom,CP02,02 Alcoholic beverages and tobacco
112,Sep-20,Sep-20,K02000001,United Kingdom,CP11,11 Restaurants and hotels
114.7,Sep-20,Sep-20,K02000001,United Kingdom,CP08,08 Communication
109.2,Sep-20,Sep-20,K02000001,United Kingdom,CP00,Overall Index
108.8,Sep-20,Sep-20,K02000001,United Kingdom,CP04,"04 Housing, water, electricity, gas and other fuels"
112.7,Sep-20,Sep-20,K02000001,United Kingdom,CP07,07 Transport
105.7,Sep-20,Sep-20,K02000001,United Kingdom,CP05,"05 Furniture, household equipment and maintenance"
110.4,Sep-20,Sep-20,K02000001,United Kingdom,CP09,09 Recreation and culture
117.9,Sep-20,Sep-20,K02000001,United Kingdom,CP10,10 Education
113.3,Sep-20,Sep-20,K02000001,United Kingdom,CP06,06 Health
103.5,Sep-20,Sep-20,K02000001,United Kingdom,CP01,01 Food and non-alcoholic beverages
102.5,Sep-20,Sep-20,K02000001,United Kingdom,CP03,03 Clothing and footwear
105.2,Sep-20,Sep-20,K02000001,United Kingdom,CP12,12 Miscellaneous goods and services
110.4,Oct-20,Oct-20,K02000001,United Kingdom,CP09,09 Recreation and culture
105.3,Oct-20,Oct-20,K02000001,United Kingdom,CP05,"05 Furniture, household equipment and maintenance"
103.5,Oct-20,Oct-20,K02000001,United Kingdom,CP01,01 Food and non-alcoholic beverages
120,Oct-20,Oct-20,K02000001,United Kingdom,CP10,10 Education
117.2,Oct-20,Oct-20,K02000001,United Kingdom,CP02,02 Alcoholic beverages and tobacco
112.7,Oct-20,Oct-20,K02000001,United Kingdom,CP07,07 Transport
109.2,Oct-20,Oct-20,K02000001,United Kingdom,CP00,Overall Index
111.9,Oct-20,Oct-20,K02000001,United Kingdom,CP11,11 Restaurants and hotels
114.8,Oct-20,Oct-20,K02000001,United Kingdom,CP08,08 Communication
105.3,Oct-20,Oct-20,K02000001,United Kingdom,CP12,12 Miscellaneous goods and services
113,Oct-20,Oct-20,K02000001,United Kingdom,CP06,06 Health
105,Oct-20,Oct-20,K02000001,United Kingdom,CP03,03 Clothing and footwear
108.3,Oct-20,Oct-20,K02000001,United Kingdom,CP04,"04 Housing, water, electricity, gas and other fuels"
116.9,Nov-20,Nov-20,K02000001,United Kingdom,CP02,02 Alcoholic beverages and tobacco
110.7,Nov-20,Nov-20,K02000001,United Kingdom,CP09,09 Recreation and culture
120,Nov-20,Nov-20,K02000001,United Kingdom,CP10,10 Education
112.1,Nov-20,Nov-20,K02000001,United Kingdom,CP07,07 Transport
112.8,Nov-20,Nov-20,K02000001,United Kingdom,CP11,11 Restaurants and hotels
112.8,Nov-20,Nov-20,K02000001,United Kingdom,CP06,06 Health
103.3,Nov-20,Nov-20,K02000001,United Kingdom,CP01,01 Food and non-alcoholic beverages
105.3,Nov-20,Nov-20,K02000001,United Kingdom,CP05,"05 Furniture, household equipment and maintenance"
105.2,Nov-20,Nov-20,K02000001,United Kingdom,CP12,12 Miscellaneous goods and services
114.9,Nov-20,Nov-20,K02000001,United Kingdom,CP08,08 Communication
102.2,Nov-20,Nov-20,K02000001,United Kingdom,CP03,03 Clothing and footwear
109.1,Nov-20,Nov-20,K02000001,United Kingdom,CP00,Overall Index
108.4,Nov-20,Nov-20,K02000001,United Kingdom,CP04,"04 Housing, water, electricity, gas and other fuels"
105.3,Dec-20,Dec-20,K02000001,United Kingdom,CP12,12 Miscellaneous goods and services
106.3,Dec-20,Dec-20,K02000001,United Kingdom,CP05,"05 Furniture, household equipment and maintenance"
117,Dec-20,Dec-20,K02000001,United Kingdom,CP02,02 Alcoholic beverages and tobacco
112.2,Dec-20,Dec-20,K02000001,United Kingdom,CP06,06 Health
113.8,Dec-20,Dec-20,K02000001,United Kingdom,CP07,07 Transport
114.9,Dec-20,Dec-20,K02000001,United Kingdom,CP08,08 Communication
111.9,Dec-20,Dec-20,K02000001,United Kingdom,CP11,11 Restaurants and hotels
102.9,Dec-20,Dec-20,K02000001,United Kingdom,CP01,01 Food and non-alcoholic beverages
109.4,Dec-20,Dec-20,K02000001,United Kingdom,CP00,Overall Index
111.2,Dec-20,Dec-20,K02000001,United Kingdom,CP09,09 Recreation and culture
102.3,Dec-20,Dec-20,K02000001,United Kingdom,CP03,03 Clothing and footwear
108.6,Dec-20,Dec-20,K02000001,United Kingdom,CP04,"04 Housing, water, electricity, gas and other fuels"
120,Dec-20,Dec-20,K02000001,United Kingdom,CP10,10 Education
109.3,Jan-21,Jan-21,K02000001,United Kingdom,CP00,Overall Index
113,Jan-21,Jan-21,K02000001,United Kingdom,CP06,06 Health
119.4,Jan-21,Jan-21,K02000001,United Kingdom,CP02,02 Alcoholic beverages and tobacco
104.6,Jan-21,Jan-21,K02000001,United Kingdom,CP05,"05 Furniture, household equipment and maintenance"
111.1,Jan-21,Jan-21,K02000001,United Kingdom,CP09,09 Recreation and culture
112.9,Jan-21,Jan-21,K02000001,United Kingdom,CP11,11 Restaurants and hotels
105.5,Jan-21,Jan-21,K02000001,United Kingdom,CP12,12 Miscellaneous goods and services
97.4,Jan-21,Jan-21,K02000001,United Kingdom,CP03,03 Clothing and footwear
120,Jan-21,Jan-21,K02000001,United Kingdom,CP10,10 Education
114.7,Jan-21,Jan-21,K02000001,United Kingdom,CP08,08 Communication
114,Jan-21,Jan-21,K02000001,United Kingdom,CP07,07 Transport
108.7,Jan-21,Jan-21,K02000001,United Kingdom,CP04,"04 Housing, water, electricity, gas and other fuels"
103.5,Jan-21,Jan-21,K02000001,United Kingdom,CP01,01 Food and non-alcoholic beverages
114.9,Feb-21,Feb-21,K02000001,United Kingdom,CP07,07 Transport
108.8,Feb-21,Feb-21,K02000001,United Kingdom,CP04,"04 Housing, water, electricity, gas and other fuels"
106.2,Feb-21,Feb-21,K02000001,United Kingdom,CP05,"05 Furniture, household equipment and maintenance"
109.4,Feb-21,Feb-21,K02000001,United Kingdom,CP00,Overall Index
113.3,Feb-21,Feb-21,K02000001,United Kingdom,CP11,11 Restaurants and hotels
103.8,Feb-21,Feb-21,K02000001,United Kingdom,CP01,01 Food and non-alcoholic beverages
120,Feb-21,Feb-21,K02000001,United Kingdom,CP10,10 Education
95.9,Feb-21,Feb-21,K02000001,United Kingdom,CP03,03 Clothing and footwear
105.5,Feb-21,Feb-21,K02000001,United Kingdom,CP12,12 Miscellaneous goods and services
112.6,Feb-21,Feb-21,K02000001,United Kingdom,CP06,06 Health
111.1,Feb-21,Feb-21,K02000001,United Kingdom,CP09,09 Recreation and culture
119.1,Feb-21,Feb-21,K02000001,United Kingdom,CP02,02 Alcoholic beverages and tobacco
114.7,Feb-21,Feb-21,K02000001,United Kingdom,CP08,08 Communication
115,Mar-21,Mar-21,K02000001,United Kingdom,CP08,08 Communication
103.1,Mar-21,Mar-21,K02000001,United Kingdom,CP01,01 Food and non-alcoholic beverages
113.5,Mar-21,Mar-21,K02000001,United Kingdom,CP11,11 Restaurants and hotels
105.8,Mar-21,Mar-21,K02000001,United Kingdom,CP12,12 Miscellaneous goods and services
108.9,Mar-21,Mar-21,K02000001,United Kingdom,CP04,"04 Housing, water, electricity, gas and other fuels"
107,Mar-21,Mar-21,K02000001,United Kingdom,CP05,"05 Furniture, household equipment and maintenance"
109.7,Mar-21,Mar-21,K02000001,United Kingdom,CP00,Overall Index
120,Mar-21,Mar-21,K02000001,United Kingdom,CP10,10 Education
115.7,Mar-21,Mar-21,K02000001,United Kingdom,CP07,07 Transport
112.8,Mar-21,Mar-21,K02000001,United Kingdom,CP06,06 Health
97.4,Mar-21,Mar-21,K02000001,United Kingdom,CP03,03 Clothing and footwear
111.3,Mar-21,Mar-21,K02000001,United Kingdom,CP09,09 Recreation and culture
119,Mar-21,Mar-21,K02000001,United Kingdom,CP02,02 Alcoholic beverages and tobacco
103.9,Apr-21,Apr-21,K02000001,United Kingdom,CP01,01 Food and non-alcoholic beverages
114.3,Apr-21,Apr-21,K02000001,United Kingdom,CP11,11 Restaurants and hotels
119.5,Apr-21,Apr-21,K02000001,United Kingdom,CP02,02 Alcoholic beverages and tobacco
110.1,Apr-21,Apr-21,K02000001,United Kingdom,CP04,"04 Housing, water, electricity, gas and other fuels"
99.8,Apr-21,Apr-21,K02000001,United Kingdom,CP03,03 Clothing and footwear
110.1,Apr-21,Apr-21,K02000001,United Kingdom,CP09,09 Recreation and culture
117.1,Apr-21,Apr-21,K02000001,United Kingdom,CP08,08 Communication
106.6,Apr-21,Apr-21,K02000001,United Kingdom,CP05,"05 Furniture, household equipment and maintenance"
120,Apr-21,Apr-21,K02000001,United Kingdom,CP10,10 Education
114.2,Apr-21,Apr-21,K02000001,United Kingdom,CP06,06 Health
117,Apr-21,Apr-21,K02000001,United Kingdom,CP07,07 Transport
110.4,Apr-21,Apr-21,K02000001,United Kingdom,CP00,Overall Index
105.4,Apr-21,Apr-21,K02000001,United Kingdom,CP12,12 Miscellaneous goods and services
111.4,May-21,May-21,K02000001,United Kingdom,CP09,09 Recreation and culture
110.3,May-21,May-21,K02000001,United Kingdom,CP04,"04 Housing, water, electricity, gas and other fuels"
117.4,May-21,May-21,K02000001,United Kingdom,CP07,07 Transport
114,May-21,May-21,K02000001,United Kingdom,CP06,06 Health
120,May-21,May-21,K02000001,United Kingdom,CP10,10 Education
116.9,May-21,May-21,K02000001,United Kingdom,CP08,08 Communication
106,May-21,May-21,K02000001,United Kingdom,CP12,12 Miscellaneous goods and services
107.4,May-21,May-21,K02000001,United Kingdom,CP05,"05 Furniture, household equipment and maintenance"
115.7,May-21,May-21,K02000001,United Kingdom,CP11,11 Restaurants and hotels
102.1,May-21,May-21,K02000001,United Kingdom,CP03,03 Clothing and footwear
103.6,May-21,May-21,K02000001,United Kingdom,CP01,01 Food and non-alcoholic beverages
111,May-21,May-21,K02000001,United Kingdom,CP00,Overall Index
119.4,May-21,May-21,K02000001,United Kingdom,CP02,02 Alcoholic beverages and tobacco
103.8,Jun-21,Jun-21,K02000001,United Kingdom,CP01,01 Food and non-alcoholic beverages
119.9,Jun-21,Jun-21,K02000001,United Kingdom,CP02,02 Alcoholic beverages and tobacco
117.2,Jun-21,Jun-21,K02000001,United Kingdom,CP08,08 Communication
111.4,Jun-21,Jun-21,K02000001,United Kingdom,CP00,Overall Index
114.6,Jun-21,Jun-21,K02000001,United Kingdom,CP06,06 Health
111.8,Jun-21,Jun-21,K02000001,United Kingdom,CP09,09 Recreation and culture
110.5,Jun-21,Jun-21,K02000001,United Kingdom,CP04,"04 Housing, water, electricity, gas and other fuels"
108.9,Jun-21,Jun-21,K02000001,United Kingdom,CP05,"05 Furniture, household equipment and maintenance"
116.1,Jun-21,Jun-21,K02000001,United Kingdom,CP11,11 Restaurants and hotels
119,Jun-21,Jun-21,K02000001,United Kingdom,CP07,07 Transport
102.8,Jun-21,Jun-21,K02000001,United Kingdom,CP03,03 Clothing and footwear
120,Jun-21,Jun-21,K02000001,United Kingdom,CP10,10 Education
106.2,Jun-21,Jun-21,K02000001,United Kingdom,CP12,12 Miscellaneous goods and services
111.4,Jul-21,Jul-21,K02000001,United Kingdom,CP09,09 Recreation and culture
110.7,Jul-21,Jul-21,K02000001,United Kingdom,CP04,"04 Housing, water, electricity, gas and other fuels"
111.4,Jul-21,Jul-21,K02000001,United Kingdom,CP00,Overall Index
116.5,Jul-21,Jul-21,K02000001,United Kingdom,CP08,08 Communication
120,Jul-21,Jul-21,K02000001,United Kingdom,CP10,10 Education
116.6,Jul-21,Jul-21,K02000001,United Kingdom,CP11,11 Restaurants and hotels
121.2,Jul-21,Jul-21,K02000001,United Kingdom,CP07,07 Transport
103.4,Jul-21,Jul-21,K02000001,United Kingdom,CP01,01 Food and non-alcoholic beverages
100.8,Jul-21,Jul-21,K02000001,United Kingdom,CP03,03 Clothing and footwear
119.3,Jul-21,Jul-21,K02000001,United Kingdom,CP02,02 Alcoholic beverages and tobacco
108.1,Jul-21,Jul-21,K02000001,United Kingdom,CP05,"05 Furniture, household equipment and maintenance"
106,Jul-21,Jul-21,K02000001,United Kingdom,CP12,12 Miscellaneous goods and services
115,Jul-21,Jul-21,K02000001,United Kingdom,CP06,06 Health
106.3,Aug-21,Aug-21,K02000001,United Kingdom,CP12,12 Miscellaneous goods and services
104.6,Aug-21,Aug-21,K02000001,United Kingdom,CP01,01 Food and non-alcoholic beverages
122.7,Aug-21,Aug-21,K02000001,United Kingdom,CP07,07 Transport
112.1,Aug-21,Aug-21,K02000001,United Kingdom,CP00,Overall Index
116.2,Aug-21,Aug-21,K02000001,United Kingdom,CP08,08 Communication
101,Aug-21,Aug-21,K02000001,United Kingdom,CP03,03 Clothing and footwear
120,Aug-21,Aug-21,K02000001,United Kingdom,CP10,10 Education
114.9,Aug-21,Aug-21,K02000001,United Kingdom,CP06,06 Health
118.1,Aug-21,Aug-21,K02000001,United Kingdom,CP11,11 Restaurants and hotels
110.8,Aug-21,Aug-21,K02000001,United Kingdom,CP04,"04 Housing, water, electricity, gas and other fuels"
109.5,Aug-21,Aug-21,K02000001,United Kingdom,CP05,"05 Furniture, household equipment and maintenance"
119.8,Aug-21,Aug-21,K02000001,United Kingdom,CP02,02 Alcoholic beverages and tobacco
112.7,Aug-21,Aug-21,K02000001,United Kingdom,CP09,09 Recreation and culture
110.5,Sep-21,Sep-21,K02000001,United Kingdom,CP05,"05 Furniture, household equipment and maintenance"
104.4,Sep-21,Sep-21,K02000001,United Kingdom,CP01,01 Food and non-alcoholic beverages
117.7,Sep-21,Sep-21,K02000001,United Kingdom,CP11,11 Restaurants and hotels
111,Sep-21,Sep-21,K02000001,United Kingdom,CP04,"04 Housing, water, electricity, gas and other fuels"
122.2,Sep-21,Sep-21,K02000001,United Kingdom,CP07,07 Transport
113.3,Sep-21,Sep-21,K02000001,United Kingdom,CP09,09 Recreation and culture
121.3,Sep-21,Sep-21,K02000001,United Kingdom,CP10,10 Education
112.4,Sep-21,Sep-21,K02000001,United Kingdom,CP00,Overall Index
114.8,Sep-21,Sep-21,K02000001,United Kingdom,CP06,06 Health
103.1,Sep-21,Sep-21,K02000001,United Kingdom,CP03,03 Clothing and footwear
106.3,Sep-21,Sep-21,K02000001,United Kingdom,CP12,12 Miscellaneous goods and services
116.6,Sep-21,Sep-21,K02000001,United Kingdom,CP08,08 Communication
120.1,Sep-21,Sep-21,K02000001,United Kingdom,CP02,02 Alcoholic beverages and tobacco
106.8,Oct-21,Oct-21,K02000001,United Kingdom,CP12,12 Miscellaneous goods and services
112.4,Oct-21,Oct-21,K02000001,United Kingdom,CP04,"04 Housing, water, electricity, gas and other fuels"
113.4,Oct-21,Oct-21,K02000001,United Kingdom,CP00,Overall Index
124,Oct-21,Oct-21,K02000001,United Kingdom,CP07,07 Transport
116.5,Oct-21,Oct-21,K02000001,United Kingdom,CP08,08 Communication
119.5,Oct-21,Oct-21,K02000001,United Kingdom,CP02,02 Alcoholic beverages and tobacco
104.7,Oct-21,Oct-21,K02000001,United Kingdom,CP03,03 Clothing and footwear
111.3,Oct-21,Oct-21,K02000001,United Kingdom,CP05,"05 Furniture, household equipment and maintenance"
114.5,Oct-21,Oct-21,K02000001,United Kingdom,CP06,06 Health
113,Oct-21,Oct-21,K02000001,United Kingdom,CP09,09 Recreation and culture
104.9,Oct-21,Oct-21,K02000001,United Kingdom,CP01,01 Food and non-alcoholic beverages
119,Oct-21,Oct-21,K02000001,United Kingdom,CP11,11 Restaurants and hotels
125.4,Oct-21,Oct-21,K02000001,United Kingdom,CP10,10 Education
114.1,Nov-21,Nov-21,K02000001,United Kingdom,CP00,Overall Index
116.4,Nov-21,Nov-21,K02000001,United Kingdom,CP08,08 Communication
126.2,Nov-21,Nov-21,K02000001,United Kingdom,CP07,07 Transport
105.9,Nov-21,Nov-21,K02000001,United Kingdom,CP01,01 Food and non-alcoholic beverages
111.8,Nov-21,Nov-21,K02000001,United Kingdom,CP05,"05 Furniture, household equipment and maintenance"
114.3,Nov-21,Nov-21,K02000001,United Kingdom,CP09,09 Recreation and culture
118.7,Nov-21,Nov-21,K02000001,United Kingdom,CP11,11 Restaurants and hotels
114.5,Nov-21,Nov-21,K02000001,United Kingdom,CP06,06 Health
106.8,Nov-21,Nov-21,K02000001,United Kingdom,CP12,12 Miscellaneous goods and services
105.8,Nov-21,Nov-21,K02000001,United Kingdom,CP03,03 Clothing and footwear
122.6,Nov-21,Nov-21,K02000001,United Kingdom,CP02,02 Alcoholic beverages and tobacco
125.4,Nov-21,Nov-21,K02000001,United Kingdom,CP10,10 Education
112.6,Nov-21,Nov-21,K02000001,United Kingdom,CP04,"04 Housing, water, electricity, gas and other fuels"
107.254,Dec-21,Dec-21,K02000001,United Kingdom,CP01,01 Food and non-alcoholic beverages
125.437,Dec-21,Dec-21,K02000001,United Kingdom,CP10,10 Education
106.576,Dec-21,Dec-21,K02000001,United Kingdom,CP03,03 Clothing and footwear
127.638,Dec-21,Dec-21,K02000001,United Kingdom,CP07,07 Transport
112.899,Dec-21,Dec-21,K02000001,United Kingdom,CP04,"04 Housing, water, electricity, gas and other fuels"
114.682,Dec-21,Dec-21,K02000001,United Kingdom,CP00,Overall Index
121.66,Dec-21,Dec-21,K02000001,United Kingdom,CP02,02 Alcoholic beverages and tobacco
114.094,Dec-21,Dec-21,K02000001,United Kingdom,CP05,"05 Furniture, household equipment and maintenance"
115.833,Dec-21,Dec-21,K02000001,United Kingdom,CP08,08 Communication
114.848,Dec-21,Dec-21,K02000001,United Kingdom,CP06,06 Health
118.601,Dec-21,Dec-21,K02000001,United Kingdom,CP11,11 Restaurants and hotels
107.031,Dec-21,Dec-21,K02000001,United Kingdom,CP12,12 Miscellaneous goods and services
114.593,Dec-21,Dec-21,K02000001,United Kingdom,CP09,09 Recreation and culture
108,Jan-22,Jan-22,K02000001,United Kingdom,CP01,01 Food and non-alcoholic beverages
118.2,Jan-22,Jan-22,K02000001,United Kingdom,CP11,11 Restaurants and hotels
107.2,Jan-22,Jan-22,K02000001,United Kingdom,CP12,12 Miscellaneous goods and services
125.4,Jan-22,Jan-22,K02000001,United Kingdom,CP10,10 Education
114.3,Jan-22,Jan-22,K02000001,United Kingdom,CP09,09 Recreation and culture
114.6,Jan-22,Jan-22,K02000001,United Kingdom,CP00,Overall Index
123.3,Jan-22,Jan-22,K02000001,United Kingdom,CP02,02 Alcoholic beverages and tobacco
113.2,Jan-22,Jan-22,K02000001,United Kingdom,CP04,"04 Housing, water, electricity, gas and other fuels"
115.9,Jan-22,Jan-22,K02000001,United Kingdom,CP08,08 Communication
115.4,Jan-22,Jan-22,K02000001,United Kingdom,CP06,06 Health
103.5,Jan-22,Jan-22,K02000001,United Kingdom,CP03,03 Clothing and footwear
113.5,Jan-22,Jan-22,K02000001,United Kingdom,CP05,"05 Furniture, household equipment and maintenance"
127.2,Jan-22,Jan-22,K02000001,United Kingdom,CP07,07 Transport
107.3,Feb-22,Feb-22,K02000001,United Kingdom,CP12,12 Miscellaneous goods and services
128.4,Feb-22,Feb-22,K02000001,United Kingdom,CP07,07 Transport
123.4,Feb-22,Feb-22,K02000001,United Kingdom,CP02,02 Alcoholic beverages and tobacco
109,Feb-22,Feb-22,K02000001,United Kingdom,CP01,01 Food and non-alcoholic beverages
104.3,Feb-22,Feb-22,K02000001,United Kingdom,CP03,03 Clothing and footwear
119,Feb-22,Feb-22,K02000001,United Kingdom,CP11,11 Restaurants and hotels
116,Feb-22,Feb-22,K02000001,United Kingdom,CP08,08 Communication
113.4,Feb-22,Feb-22,K02000001,United Kingdom,CP04,"04 Housing, water, electricity, gas and other fuels"
116,Feb-22,Feb-22,K02000001,United Kingdom,CP05,"05 Furniture, household equipment and maintenance"
115.5,Feb-22,Feb-22,K02000001,United Kingdom,CP06,06 Health
116.3,Feb-22,Feb-22,K02000001,United Kingdom,CP09,09 Recreation and culture
125.4,Feb-22,Feb-22,K02000001,United Kingdom,CP10,10 Education
115.4,Feb-22,Feb-22,K02000001,United Kingdom,CP00,Overall Index
107.7,Mar-22,Mar-22,K02000001,United Kingdom,CP12,12 Miscellaneous goods and services
116.5,Mar-22,Mar-22,K02000001,United Kingdom,CP00,Overall Index
115.9,Mar-22,Mar-22,K02000001,United Kingdom,CP08,08 Communication
125.4,Mar-22,Mar-22,K02000001,United Kingdom,CP10,10 Education
109.3,Mar-22,Mar-22,K02000001,United Kingdom,CP01,01 Food and non-alcoholic beverages
121.3,Mar-22,Mar-22,K02000001,United Kingdom,CP11,11 Restaurants and hotels
113.8,Mar-22,Mar-22,K02000001,United Kingdom,CP04,"04 Housing, water, electricity, gas and other fuels"
106.9,Mar-22,Mar-22,K02000001,United Kingdom,CP03,03 Clothing and footwear
131.5,Mar-22,Mar-22,K02000001,United Kingdom,CP07,07 Transport
115.6,Mar-22,Mar-22,K02000001,United Kingdom,CP06,06 Health
118.2,Mar-22,Mar-22,K02000001,United Kingdom,CP05,"05 Furniture, household equipment and maintenance"
124.7,Mar-22,Mar-22,K02000001,United Kingdom,CP02,02 Alcoholic beverages and tobacco
116.9,Mar-22,Mar-22,K02000001,United Kingdom,CP09,09 Recreation and culture
116.6,Apr-22,Apr-22,K02000001,United Kingdom,CP09,09 Recreation and culture
123.4,Apr-22,Apr-22,K02000001,United Kingdom,CP11,11 Restaurants and hotels
110.9,Apr-22,Apr-22,K02000001,United Kingdom,CP01,01 Food and non-alcoholic beverages
118,Apr-22,Apr-22,K02000001,United Kingdom,CP05,"05 Furniture, household equipment and maintenance"
108,Apr-22,Apr-22,K02000001,United Kingdom,CP03,03 Clothing and footwear
119,Apr-22,Apr-22,K02000001,United Kingdom,CP00,Overall Index
124.8,Apr-22,Apr-22,K02000001,United Kingdom,CP02,02 Alcoholic beverages and tobacco
108.3,Apr-22,Apr-22,K02000001,United Kingdom,CP12,12 Miscellaneous goods and services
125.4,Apr-22,Apr-22,K02000001,United Kingdom,CP10,10 Education
119.6,Apr-22,Apr-22,K02000001,United Kingdom,CP04,"04 Housing, water, electricity, gas and other fuels"
120.3,Apr-22,Apr-22,K02000001,United Kingdom,CP08,08 Communication
133,Apr-22,Apr-22,K02000001,United Kingdom,CP07,07 Transport
116.6,Apr-22,Apr-22,K02000001,United Kingdom,CP06,06 Health
125.4,May-22,May-22,K02000001,United Kingdom,CP02,02 Alcoholic beverages and tobacco
119.2,May-22,May-22,K02000001,United Kingdom,CP05,"05 Furniture, household equipment and maintenance"
120,May-22,May-22,K02000001,United Kingdom,CP04,"04 Housing, water, electricity, gas and other fuels"
109,May-22,May-22,K02000001,United Kingdom,CP12,12 Miscellaneous goods and services
109.1,May-22,May-22,K02000001,United Kingdom,CP03,03 Clothing and footwear
133.9,May-22,May-22,K02000001,United Kingdom,CP07,07 Transport
125.4,May-22,May-22,K02000001,United Kingdom,CP10,10 Education
124.5,May-22,May-22,K02000001,United Kingdom,CP11,11 Restaurants and hotels
120,May-22,May-22,K02000001,United Kingdom,CP08,08 Communication
119.7,May-22,May-22,K02000001,United Kingdom,CP00,Overall Index
116,May-22,May-22,K02000001,United Kingdom,CP06,06 Health
116.9,May-22,May-22,K02000001,United Kingdom,CP09,09 Recreation and culture
112.6,May-22,May-22,K02000001,United Kingdom,CP01,01 Food and non-alcoholic beverages
137,Jun-22,Jun-22,K02000001,United Kingdom,CP07,07 Transport
114,Jun-22,Jun-22,K02000001,United Kingdom,CP01,01 Food and non-alcoholic beverages
109.5,Jun-22,Jun-22,K02000001,United Kingdom,CP12,12 Miscellaneous goods and services
125.5,Jun-22,Jun-22,K02000001,United Kingdom,CP02,02 Alcoholic beverages and tobacco
120.6,Jun-22,Jun-22,K02000001,United Kingdom,CP08,08 Communication
116.5,Jun-22,Jun-22,K02000001,United Kingdom,CP06,06 Health
117.1,Jun-22,Jun-22,K02000001,United Kingdom,CP09,09 Recreation and culture
120.3,Jun-22,Jun-22,K02000001,United Kingdom,CP04,"04 Housing, water, electricity, gas and other fuels"
120.5,Jun-22,Jun-22,K02000001,United Kingdom,CP00,Overall Index
126,Jun-22,Jun-22,K02000001,United Kingdom,CP11,11 Restaurants and hotels
120.3,Jun-22,Jun-22,K02000001,United Kingdom,CP05,"05 Furniture, household equipment and maintenance"
109.2,Jun-22,Jun-22,K02000001,United Kingdom,CP03,03 Clothing and footwear
125.4,Jun-22,Jun-22,K02000001,United Kingdom,CP10,10 Education
117.6,Jul-22,Jul-22,K02000001,United Kingdom,CP09,09 Recreation and culture
139.5,Jul-22,Jul-22,K02000001,United Kingdom,CP07,07 Transport
116.5,Jul-22,Jul-22,K02000001,United Kingdom,CP06,06 Health
110.2,Jul-22,Jul-22,K02000001,United Kingdom,CP12,12 Miscellaneous goods and services
120.1,Jul-22,Jul-22,K02000001,United Kingdom,CP08,08 Communication
116.6,Jul-22,Jul-22,K02000001,United Kingdom,CP01,01 Food and non-alcoholic beverages
119.1,Jul-22,Jul-22,K02000001,United Kingdom,CP05,"05 Furniture, household equipment and maintenance"
125.9,Jul-22,Jul-22,K02000001,United Kingdom,CP02,02 Alcoholic beverages and tobacco
121.2,Jul-22,Jul-22,K02000001,United Kingdom,CP00,Overall Index
107.5,Jul-22,Jul-22,K02000001,United Kingdom,CP03,03 Clothing and footwear
125.4,Jul-22,Jul-22,K02000001,United Kingdom,CP10,10 Education
120.8,Jul-22,Jul-22,K02000001,United Kingdom,CP04,"04 Housing, water, electricity, gas and other fuels"
127.1,Jul-22,Jul-22,K02000001,United Kingdom,CP11,11 Restaurants and hotels
108.6,Aug-22,Aug-22,K02000001,United Kingdom,CP03,03 Clothing and footwear
111.2,Aug-22,Aug-22,K02000001,United Kingdom,CP12,12 Miscellaneous goods and services
121,Aug-22,Aug-22,K02000001,United Kingdom,CP04,"04 Housing, water, electricity, gas and other fuels"
118.3,Aug-22,Aug-22,K02000001,United Kingdom,CP01,01 Food and non-alcoholic beverages
128.4,Aug-22,Aug-22,K02000001,United Kingdom,CP11,11 Restaurants and hotels
119.3,Aug-22,Aug-22,K02000001,United Kingdom,CP08,08 Communication
121.8,Aug-22,Aug-22,K02000001,United Kingdom,CP00,Overall Index
117.9,Aug-22,Aug-22,K02000001,United Kingdom,CP06,06 Health
137.8,Aug-22,Aug-22,K02000001,United Kingdom,CP07,07 Transport
120.6,Aug-22,Aug-22,K02000001,United Kingdom,CP05,"05 Furniture, household equipment and maintenance"
118.7,Aug-22,Aug-22,K02000001,United Kingdom,CP09,09 Recreation and culture
126.4,Aug-22,Aug-22,K02000001,United Kingdom,CP02,02 Alcoholic beverages and tobacco
125.4,Aug-22,Aug-22,K02000001,United Kingdom,CP10,10 Education
111.7,Sep-22,Sep-22,K02000001,United Kingdom,CP12,12 Miscellaneous goods and services
119.6,Sep-22,Sep-22,K02000001,United Kingdom,CP01,01 Food and non-alcoholic beverages
121.4,Sep-22,Sep-22,K02000001,United Kingdom,CP04,"04 Housing, water, electricity, gas and other fuels"
129.1,Sep-22,Sep-22,K02000001,United Kingdom,CP11,11 Restaurants and hotels
122.4,Sep-22,Sep-22,K02000001,United Kingdom,CP05,"05 Furniture, household equipment and maintenance"
119.4,Sep-22,Sep-22,K02000001,United Kingdom,CP08,08 Communication
118.7,Sep-22,Sep-22,K02000001,United Kingdom,CP06,06 Health
119.2,Sep-22,Sep-22,K02000001,United Kingdom,CP09,09 Recreation and culture
111.8,Sep-22,Sep-22,K02000001,United Kingdom,CP03,03 Clothing and footwear
126.8,Sep-22,Sep-22,K02000001,United Kingdom,CP02,02 Alcoholic beverages and tobacco
126.5,Sep-22,Sep-22,K02000001,United Kingdom,CP10,10 Education
135.5,Sep-22,Sep-22,K02000001,United Kingdom,CP07,07 Transport
122.3,Sep-22,Sep-22,K02000001,United Kingdom,CP00,Overall Index
112.3,Oct-22,Oct-22,K02000001,United Kingdom,CP12,12 Miscellaneous goods and services
126.9,Oct-22,Oct-22,K02000001,United Kingdom,CP02,02 Alcoholic beverages and tobacco
125.5,Oct-22,Oct-22,K02000001,United Kingdom,CP04,"04 Housing, water, electricity, gas and other fuels"
130.4,Oct-22,Oct-22,K02000001,United Kingdom,CP11,11 Restaurants and hotels
124.3,Oct-22,Oct-22,K02000001,United Kingdom,CP00,Overall Index
123.1,Oct-22,Oct-22,K02000001,United Kingdom,CP05,"05 Furniture, household equipment and maintenance"
122,Oct-22,Oct-22,K02000001,United Kingdom,CP01,01 Food and non-alcoholic beverages
120.2,Oct-22,Oct-22,K02000001,United Kingdom,CP08,08 Communication
113.6,Oct-22,Oct-22,K02000001,United Kingdom,CP03,03 Clothing and footwear
135.6,Oct-22,Oct-22,K02000001,United Kingdom,CP07,07 Transport
119.7,Oct-22,Oct-22,K02000001,United Kingdom,CP09,09 Recreation and culture
129.4,Oct-22,Oct-22,K02000001,United Kingdom,CP10,10 Education
119.2,Oct-22,Oct-22,K02000001,United Kingdom,CP06,06 Health
123.8,Nov-22,Nov-22,K02000001,United Kingdom,CP05,"05 Furniture, household equipment and maintenance"
125.8,Nov-22,Nov-22,K02000001,United Kingdom,CP04,"04 Housing, water, electricity, gas and other fuels"
119.3,Nov-22,Nov-22,K02000001,United Kingdom,CP08,08 Communication
127.7,Nov-22,Nov-22,K02000001,United Kingdom,CP02,02 Alcoholic beverages and tobacco
113.7,Nov-22,Nov-22,K02000001,United Kingdom,CP03,03 Clothing and footwear
124.8,Nov-22,Nov-22,K02000001,United Kingdom,CP00,Overall Index
123.4,Nov-22,Nov-22,K02000001,United Kingdom,CP01,01 Food and non-alcoholic beverages
119.9,Nov-22,Nov-22,K02000001,United Kingdom,CP06,06 Health
130.9,Nov-22,Nov-22,K02000001,United Kingdom,CP11,11 Restaurants and hotels
120.4,Nov-22,Nov-22,K02000001,United Kingdom,CP09,09 Recreation and culture
129.4,Nov-22,Nov-22,K02000001,United Kingdom,CP10,10 Education
135.7,Nov-22,Nov-22,K02000001,United Kingdom,CP07,07 Transport
112.6,Nov-22,Nov-22,K02000001,United Kingdom,CP12,12 Miscellaneous goods and services
125.4,Dec-22,Dec-22,K02000001,United Kingdom,CP01,01 Food and non-alcoholic beverages
120.6,Dec-22,Dec-22,K02000001,United Kingdom,CP06,06 Health
113,Dec-22,Dec-22,K02000001,United Kingdom,CP12,12 Miscellaneous goods and services
125.3,Dec-22,Dec-22,K02000001,United Kingdom,CP00,Overall Index
129.4,Dec-22,Dec-22,K02000001,United Kingdom,CP10,10 Education
126.1,Dec-22,Dec-22,K02000001,United Kingdom,CP04,"04 Housing, water, electricity, gas and other fuels"
125.3,Dec-22,Dec-22,K02000001,United Kingdom,CP05,"05 Furniture, household equipment and maintenance"
126.2,Dec-22,Dec-22,K02000001,United Kingdom,CP02,02 Alcoholic beverages and tobacco
118,Dec-22,Dec-22,K02000001,United Kingdom,CP08,08 Communication
113.4,Dec-22,Dec-22,K02000001,United Kingdom,CP03,03 Clothing and footwear
136.5,Dec-22,Dec-22,K02000001,United Kingdom,CP07,07 Transport
120.1,Dec-22,Dec-22,K02000001,United Kingdom,CP09,09 Recreation and culture
132.1,Dec-22,Dec-22,K02000001,United Kingdom,CP11,11 Restaurants and hotels
129.4,Jan-23,Jan-23,K02000001,United Kingdom,CP10,10 Education
113.5,Jan-23,Jan-23,K02000001,United Kingdom,CP12,12 Miscellaneous goods and services
130.9,Jan-23,Jan-23,K02000001,United Kingdom,CP11,11 Restaurants and hotels
120.1,Jan-23,Jan-23,K02000001,United Kingdom,CP09,09 Recreation and culture
126.6,Jan-23,Jan-23,K02000001,United Kingdom,CP04,"04 Housing, water, electricity, gas and other fuels"
129.6,Jan-23,Jan-23,K02000001,United Kingdom,CP02,02 Alcoholic beverages and tobacco
124.8,Jan-23,Jan-23,K02000001,United Kingdom,CP00,Overall Index
118.6,Jan-23,Jan-23,K02000001,United Kingdom,CP08,08 Communication
131.5,Jan-23,Jan-23,K02000001,United Kingdom,CP07,07 Transport
126.1,Jan-23,Jan-23,K02000001,United Kingdom,CP01,01 Food and non-alcoholic beverages
122.8,Jan-23,Jan-23,K02000001,United Kingdom,CP06,06 Health
109.9,Jan-23,Jan-23,K02000001,United Kingdom,CP03,03 Clothing and footwear
123.9,Jan-23,Jan-23,K02000001,United Kingdom,CP05,"05 Furniture, household equipment and maintenance"
112.7,Feb-23,Feb-23,K02000001,United Kingdom,CP03,03 Clothing and footwear
126.8,Feb-23,Feb-23,K02000001,United Kingdom,CP04,"04 Housing, water, electricity, gas and other fuels"
126,Feb-23,Feb-23,K02000001,United Kingdom,CP00,Overall Index
130.4,Feb-23,Feb-23,K02000001,United Kingdom,CP02,02 Alcoholic beverages and tobacco
129.4,Feb-23,Feb-23,K02000001,United Kingdom,CP10,10 Education
126.1,Feb-23,Feb-23,K02000001,United Kingdom,CP05,"05 Furniture, household equipment and maintenance"
123.5,Feb-23,Feb-23,K02000001,United Kingdom,CP06,06 Health
128.8,Feb-23,Feb-23,K02000001,United Kingdom,CP01,01 Food and non-alcoholic beverages
121.1,Feb-23,Feb-23,K02000001,United Kingdom,CP09,09 Recreation and culture
114.5,Feb-23,Feb-23,K02000001,United Kingdom,CP12,12 Miscellaneous goods and services
132.4,Feb-23,Feb-23,K02000001,United Kingdom,CP07,07 Transport
133.4,Feb-23,Feb-23,K02000001,United Kingdom,CP11,11 Restaurants and hotels
120.1,Feb-23,Feb-23,K02000001,United Kingdom,CP08,08 Communication
126.8,Mar-23,Mar-23,K02000001,United Kingdom,CP00,Overall Index
127.7,Mar-23,Mar-23,K02000001,United Kingdom,CP05,"05 Furniture, household equipment and maintenance"
132.8,Mar-23,Mar-23,K02000001,United Kingdom,CP07,07 Transport
122.3,Mar-23,Mar-23,K02000001,United Kingdom,CP09,09 Recreation and culture
114.5,Mar-23,Mar-23,K02000001,United Kingdom,CP03,03 Clothing and footwear
129.4,Mar-23,Mar-23,K02000001,United Kingdom,CP10,10 Education
115,Mar-23,Mar-23,K02000001,United Kingdom,CP12,12 Miscellaneous goods and services
135.1,Mar-23,Mar-23,K02000001,United Kingdom,CP11,11 Restaurants and hotels
120,Mar-23,Mar-23,K02000001,United Kingdom,CP08,08 Communication
131.4,Mar-23,Mar-23,K02000001,United Kingdom,CP02,02 Alcoholic beverages and tobacco
130.2,Mar-23,Mar-23,K02000001,United Kingdom,CP01,01 Food and non-alcoholic beverages
124,Mar-23,Mar-23,K02000001,United Kingdom,CP06,06 Health
127.1,Mar-23,Mar-23,K02000001,United Kingdom,CP04,"04 Housing, water, electricity, gas and other fuels"
128.3,Apr-23,Apr-23,K02000001,United Kingdom,CP00,Overall Index
136.1,Apr-23,Apr-23,K02000001,United Kingdom,CP02,02 Alcoholic beverages and tobacco
129.4,Apr-23,Apr-23,K02000001,United Kingdom,CP10,10 Education
124,Apr-23,Apr-23,K02000001,United Kingdom,CP09,09 Recreation and culture
126.8,Apr-23,Apr-23,K02000001,United Kingdom,CP05,"05 Furniture, household equipment and maintenance"
132.1,Apr-23,Apr-23,K02000001,United Kingdom,CP01,01 Food and non-alcoholic beverages
125,Apr-23,Apr-23,K02000001,United Kingdom,CP06,06 Health
129.6,Apr-23,Apr-23,K02000001,United Kingdom,CP08,08 Communication
136,Apr-23,Apr-23,K02000001,United Kingdom,CP11,11 Restaurants and hotels
135.2,Apr-23,Apr-23,K02000001,United Kingdom,CP07,07 Transport
115.7,Apr-23,Apr-23,K02000001,United Kingdom,CP12,12 Miscellaneous goods and services
128.3,Apr-23,Apr-23,K02000001,United Kingdom,CP04,"04 Housing, water, electricity, gas and other fuels"
115.3,Apr-23,Apr-23,K02000001,United Kingdom,CP03,03 Clothing and footwear
129.1,May-23,May-23,K02000001,United Kingdom,CP00,Overall Index
135.6,May-23,May-23,K02000001,United Kingdom,CP07,07 Transport
125.8,May-23,May-23,K02000001,United Kingdom,CP06,06 Health
124.9,May-23,May-23,K02000001,United Kingdom,CP09,09 Recreation and culture
136.9,May-23,May-23,K02000001,United Kingdom,CP02,02 Alcoholic beverages and tobacco
128.7,May-23,May-23,K02000001,United Kingdom,CP04,"04 Housing, water, electricity, gas and other fuels"
128.2,May-23,May-23,K02000001,United Kingdom,CP05,"05 Furniture, household equipment and maintenance"
133.3,May-23,May-23,K02000001,United Kingdom,CP01,01 Food and non-alcoholic beverages
116.8,May-23,May-23,K02000001,United Kingdom,CP03,03 Clothing and footwear
116.4,May-23,May-23,K02000001,United Kingdom,CP12,12 Miscellaneous goods and services
137.3,May-23,May-23,K02000001,United Kingdom,CP11,11 Restaurants and hotels
130.8,May-23,May-23,K02000001,United Kingdom,CP08,08 Communication
129.4,May-23,May-23,K02000001,United Kingdom,CP10,10 Education
134.7,Jun-23,Jun-23,K02000001,United Kingdom,CP07,07 Transport
129.4,Jun-23,Jun-23,K02000001,United Kingdom,CP00,Overall Index
117.1,Jun-23,Jun-23,K02000001,United Kingdom,CP03,03 Clothing and footwear
137,Jun-23,Jun-23,K02000001,United Kingdom,CP02,02 Alcoholic beverages and tobacco
129.4,Jun-23,Jun-23,K02000001,United Kingdom,CP10,10 Education
129.1,Jun-23,Jun-23,K02000001,United Kingdom,CP04,"04 Housing, water, electricity, gas and other fuels"
116.6,Jun-23,Jun-23,K02000001,United Kingdom,CP12,12 Miscellaneous goods and services
128.2,Jun-23,Jun-23,K02000001,United Kingdom,CP05,"05 Furniture, household equipment and maintenance"
126.1,Jun-23,Jun-23,K02000001,United Kingdom,CP06,06 Health
125.1,Jun-23,Jun-23,K02000001,United Kingdom,CP09,09 Recreation and culture
131.8,Jun-23,Jun-23,K02000001,United Kingdom,CP08,08 Communication
133.8,Jun-23,Jun-23,K02000001,United Kingdom,CP01,01 Food and non-alcoholic beverages
138,Jun-23,Jun-23,K02000001,United Kingdom,CP11,11 Restaurants and hotels
127,Jul-23,Jul-23,K02000001,United Kingdom,CP06,06 Health
127.3,Jul-23,Jul-23,K02000001,United Kingdom,CP04,"04 Housing, water, electricity, gas and other fuels"
129,Jul-23,Jul-23,K02000001,United Kingdom,CP00,Overall Index
133.9,Jul-23,Jul-23,K02000001,United Kingdom,CP01,01 Food and non-alcoholic beverages
137.6,Jul-23,Jul-23,K02000001,United Kingdom,CP02,02 Alcoholic beverages and tobacco
128.5,Jul-23,Jul-23,K02000001,United Kingdom,CP08,08 Communication
139.3,Jul-23,Jul-23,K02000001,United Kingdom,CP11,11 Restaurants and hotels
136.5,Jul-23,Jul-23,K02000001,United Kingdom,CP07,07 Transport
114.6,Jul-23,Jul-23,K02000001,United Kingdom,CP03,03 Clothing and footwear
129.4,Jul-23,Jul-23,K02000001,United Kingdom,CP10,10 Education
116.6,Jul-23,Jul-23,K02000001,United Kingdom,CP12,12 Miscellaneous goods and services
125.6,Jul-23,Jul-23,K02000001,United Kingdom,CP09,09 Recreation and culture
126.5,Jul-23,Jul-23,K02000001,United Kingdom,CP05,"05 Furniture, household equipment and maintenance"
117.1,Aug-23,Aug-23,K02000001,United Kingdom,CP12,12 Miscellaneous goods and services
139.6,Aug-23,Aug-23,K02000001,United Kingdom,CP02,02 Alcoholic beverages and tobacco
128,Aug-23,Aug-23,K02000001,United Kingdom,CP06,06 Health
134.4,Aug-23,Aug-23,K02000001,United Kingdom,CP01,01 Food and non-alcoholic beverages
129.4,Aug-23,Aug-23,K02000001,United Kingdom,CP00,Overall Index
125.8,Aug-23,Aug-23,K02000001,United Kingdom,CP09,09 Recreation and culture
139.1,Aug-23,Aug-23,K02000001,United Kingdom,CP11,11 Restaurants and hotels
129.4,Aug-23,Aug-23,K02000001,United Kingdom,CP10,10 Education
127.8,Aug-23,Aug-23,K02000001,United Kingdom,CP04,"04 Housing, water, electricity, gas and other fuels"
116.2,Aug-23,Aug-23,K02000001,United Kingdom,CP03,03 Clothing and footwear
126.8,Aug-23,Aug-23,K02000001,United Kingdom,CP05,"05 Furniture, household equipment and maintenance"
129,Aug-23,Aug-23,K02000001,United Kingdom,CP08,08 Communication
136.8,Aug-23,Aug-23,K02000001,United Kingdom,CP07,07 Transport
119.5,Sep-23,Sep-23,K02000001,United Kingdom,CP03,03 Clothing and footwear
126.6,Sep-23,Sep-23,K02000001,United Kingdom,CP09,09 Recreation and culture
128.3,Sep-23,Sep-23,K02000001,United Kingdom,CP04,"04 Housing, water, electricity, gas and other fuels"
117.3,Sep-23,Sep-23,K02000001,United Kingdom,CP12,12 Miscellaneous goods and services
134.2,Sep-23,Sep-23,K02000001,United Kingdom,CP01,01 Food and non-alcoholic beverages
131.7,Sep-23,Sep-23,K02000001,United Kingdom,CP10,10 Education
127,Sep-23,Sep-23,K02000001,United Kingdom,CP05,"05 Furniture, household equipment and maintenance"
130.1,Sep-23,Sep-23,K02000001,United Kingdom,CP00,Overall Index
128.7,Sep-23,Sep-23,K02000001,United Kingdom,CP06,06 Health
141,Sep-23,Sep-23,K02000001,United Kingdom,CP02,02 Alcoholic beverages and tobacco
136.5,Sep-23,Sep-23,K02000001,United Kingdom,CP07,07 Transport
129,Sep-23,Sep-23,K02000001,United Kingdom,CP08,08 Communication
140.3,Sep-23,Sep-23,K02000001,United Kingdom,CP11,11 Restaurants and hotels
135.2,Oct-23,Oct-23,K02000001,United Kingdom,CP10,10 Education
127,Oct-23,Oct-23,K02000001,United Kingdom,CP05,"05 Furniture, household equipment and maintenance"
127.9,Oct-23,Oct-23,K02000001,United Kingdom,CP04,"04 Housing, water, electricity, gas and other fuels"
127.6,Oct-23,Oct-23,K02000001,United Kingdom,CP09,09 Recreation and culture
134.4,Oct-23,Oct-23,K02000001,United Kingdom,CP01,01 Food and non-alcoholic beverages
129.9,Oct-23,Oct-23,K02000001,United Kingdom,CP08,08 Communication
130.2,Oct-23,Oct-23,K02000001,United Kingdom,CP00,Overall Index
120.6,Oct-23,Oct-23,K02000001,United Kingdom,CP03,03 Clothing and footwear
140.8,Oct-23,Oct-23,K02000001,United Kingdom,CP02,02 Alcoholic beverages and tobacco
140.3,Oct-23,Oct-23,K02000001,United Kingdom,CP11,11 Restaurants and hotels
117.7,Oct-23,Oct-23,K02000001,United Kingdom,CP12,12 Miscellaneous goods and services
136.2,Oct-23,Oct-23,K02000001,United Kingdom,CP07,07 Transport
129,Oct-23,Oct-23,K02000001,United Kingdom,CP06,06 Health
129.1,Nov-23,Nov-23,K02000001,United Kingdom,CP06,06 Health
135.2,Nov-23,Nov-23,K02000001,United Kingdom,CP10,10 Education
140.7,Nov-23,Nov-23,K02000001,United Kingdom,CP02,02 Alcoholic beverages and tobacco
128.2,Nov-23,Nov-23,K02000001,United Kingdom,CP04,"04 Housing, water, electricity, gas and other fuels"
117.6,Nov-23,Nov-23,K02000001,United Kingdom,CP12,12 Miscellaneous goods and services
130,Nov-23,Nov-23,K02000001,United Kingdom,CP00,Overall Index
127.1,Nov-23,Nov-23,K02000001,United Kingdom,CP09,09 Recreation and culture
126.8,Nov-23,Nov-23,K02000001,United Kingdom,CP05,"05 Furniture, household equipment and maintenance"
134.8,Nov-23,Nov-23,K02000001,United Kingdom,CP01,01 Food and non-alcoholic beverages
133.9,Nov-23,Nov-23,K02000001,United Kingdom,CP07,07 Transport
120.2,Nov-23,Nov-23,K02000001,United Kingdom,CP03,03 Clothing and footwear
128.9,Nov-23,Nov-23,K02000001,United Kingdom,CP08,08 Communication
140.8,Nov-23,Nov-23,K02000001,United Kingdom,CP11,11 Restaurants and hotels
127.3,Dec-23,Dec-23,K02000001,United Kingdom,CP09,09 Recreation and culture
128.1,Dec-23,Dec-23,K02000001,United Kingdom,CP08,08 Communication
141.4,Dec-23,Dec-23,K02000001,United Kingdom,CP11,11 Restaurants and hotels
135.5,Dec-23,Dec-23,K02000001,United Kingdom,CP01,01 Food and non-alcoholic beverages
134.6,Dec-23,Dec-23,K02000001,United Kingdom,CP07,07 Transport
128.5,Dec-23,Dec-23,K02000001,United Kingdom,CP05,"05 Furniture, household equipment and maintenance"
129.7,Dec-23,Dec-23,K02000001,United Kingdom,CP06,06 Health
135.2,Dec-23,Dec-23,K02000001,United Kingdom,CP10,10 Education
117.3,Dec-23,Dec-23,K02000001,United Kingdom,CP12,12 Miscellaneous goods and services
142.4,Dec-23,Dec-23,K02000001,United Kingdom,CP02,02 Alcoholic beverages and tobacco
120.7,Dec-23,Dec-23,K02000001,United Kingdom,CP03,03 Clothing and footwear
130.5,Dec-23,Dec-23,K02000001,United Kingdom,CP00,Overall Index
128.6,Dec-23,Dec-23,K02000001,United Kingdom,CP04,"04 Housing, water, electricity, gas and other fuels"
127.2,Jan-24,Jan-24,K02000001,United Kingdom,CP09,09 Recreation and culture
130.9,Jan-24,Jan-24,K02000001,United Kingdom,CP07,07 Transport
140.1,Jan-24,Jan-24,K02000001,United Kingdom,CP11,11 Restaurants and hotels
118.4,Jan-24,Jan-24,K02000001,United Kingdom,CP12,12 Miscellaneous goods and services
128.4,Jan-24,Jan-24,K02000001,United Kingdom,CP08,08 Communication
135.2,Jan-24,Jan-24,K02000001,United Kingdom,CP10,10 Education
124.5,Jan-24,Jan-24,K02000001,United Kingdom,CP05,"05 Furniture, household equipment and maintenance"
131.4,Jan-24,Jan-24,K02000001,United Kingdom,CP06,06 Health
115.9,Jan-24,Jan-24,K02000001,United Kingdom,CP03,03 Clothing and footwear
130,Jan-24,Jan-24,K02000001,United Kingdom,CP00,Overall Index
145.5,Jan-24,Jan-24,K02000001,United Kingdom,CP02,02 Alcoholic beverages and tobacco
129.7,Jan-24,Jan-24,K02000001,United Kingdom,CP04,"04 Housing, water, electricity, gas and other fuels"
134.9,Jan-24,Jan-24,K02000001,United Kingdom,CP01,01 Food and non-alcoholic beverages
135.2,Feb-24,Feb-24,K02000001,United Kingdom,CP01,01 Food and non-alcoholic beverages
127.9,Feb-24,Feb-24,K02000001,United Kingdom,CP09,09 Recreation and culture
118.3,Feb-24,Feb-24,K02000001,United Kingdom,CP03,03 Clothing and footwear
130.8,Feb-24,Feb-24,K02000001,United Kingdom,CP00,Overall Index
131.9,Feb-24,Feb-24,K02000001,United Kingdom,CP07,07 Transport
130.5,Feb-24,Feb-24,K02000001,United Kingdom,CP04,"04 Housing, water, electricity, gas and other fuels"
131.7,Feb-24,Feb-24,K02000001,United Kingdom,CP06,06 Health
141.5,Feb-24,Feb-24,K02000001,United Kingdom,CP11,11 Restaurants and hotels
145.8,Feb-24,Feb-24,K02000001,United Kingdom,CP02,02 Alcoholic beverages and tobacco
126.2,Feb-24,Feb-24,K02000001,United Kingdom,CP05,"05 Furniture, household equipment and maintenance"
118.4,Feb-24,Feb-24,K02000001,United Kingdom,CP12,12 Miscellaneous goods and services
135.2,Feb-24,Feb-24,K02000001,United Kingdom,CP10,10 Education
127,Feb-24,Feb-24,K02000001,United Kingdom,CP08,08 Communication
129.1,Mar-24,Mar-24,K02000001,United Kingdom,CP08,08 Communication
126.6,Mar-24,Mar-24,K02000001,United Kingdom,CP05,"05 Furniture, household equipment and maintenance"
132.7,Mar-24,Mar-24,K02000001,United Kingdom,CP07,07 Transport
119,Mar-24,Mar-24,K02000001,United Kingdom,CP03,03 Clothing and footwear
129.1,Mar-24,Mar-24,K02000001,United Kingdom,CP09,09 Recreation and culture
135.5,Mar-24,Mar-24,K02000001,United Kingdom,CP01,01 Food and non-alcoholic beverages
131.1,Mar-24,Mar-24,K02000001,United Kingdom,CP04,"04 Housing, water, electricity, gas and other fuels"
132.3,Mar-24,Mar-24,K02000001,United Kingdom,CP06,06 Health
118.7,Mar-24,Mar-24,K02000001,United Kingdom,CP12,12 Miscellaneous goods and services
135.2,Mar-24,Mar-24,K02000001,United Kingdom,CP10,10 Education
131.6,Mar-24,Mar-24,K02000001,United Kingdom,CP00,Overall Index
143,Mar-24,Mar-24,K02000001,United Kingdom,CP11,11 Restaurants and hotels
147,Mar-24,Mar-24,K02000001,United Kingdom,CP02,02 Alcoholic beverages and tobacco
119.5,Apr-24,Apr-24,K02000001,United Kingdom,CP03,03 Clothing and footwear
147.1,Apr-24,Apr-24,K02000001,United Kingdom,CP02,02 Alcoholic beverages and tobacco
119.6,Apr-24,Apr-24,K02000001,United Kingdom,CP12,12 Miscellaneous goods and services
129.8,Apr-24,Apr-24,K02000001,United Kingdom,CP09,09 Recreation and culture
132.2,Apr-24,Apr-24,K02000001,United Kingdom,CP00,Overall Index
130.9,Apr-24,Apr-24,K02000001,United Kingdom,CP04,"04 Housing, water, electricity, gas and other fuels"
135.9,Apr-24,Apr-24,K02000001,United Kingdom,CP01,01 Food and non-alcoholic beverages
144.3,Apr-24,Apr-24,K02000001,United Kingdom,CP11,11 Restaurants and hotels
135.2,Apr-24,Apr-24,K02000001,United Kingdom,CP10,10 Education
134.9,Apr-24,Apr-24,K02000001,United Kingdom,CP08,08 Communication
135,Apr-24,Apr-24,K02000001,United Kingdom,CP07,07 Transport
125.6,Apr-24,Apr-24,K02000001,United Kingdom,CP05,"05 Furniture, household equipment and maintenance"
133.5,Apr-24,Apr-24,K02000001,United Kingdom,CP06,06 Health
135.2,May-24,May-24,K02000001,United Kingdom,CP10,10 Education
136,May-24,May-24,K02000001,United Kingdom,CP07,07 Transport
147.6,May-24,May-24,K02000001,United Kingdom,CP02,02 Alcoholic beverages and tobacco
133.8,May-24,May-24,K02000001,United Kingdom,CP06,06 Health
125.9,May-24,May-24,K02000001,United Kingdom,CP05,"05 Furniture, household equipment and maintenance"
130,May-24,May-24,K02000001,United Kingdom,CP09,09 Recreation and culture
131.4,May-24,May-24,K02000001,United Kingdom,CP04,"04 Housing, water, electricity, gas and other fuels"
145.3,May-24,May-24,K02000001,United Kingdom,CP11,11 Restaurants and hotels
120.3,May-24,May-24,K02000001,United Kingdom,CP03,03 Clothing and footwear
135.6,May-24,May-24,K02000001,United Kingdom,CP01,01 Food and non-alcoholic beverages
132.7,May-24,May-24,K02000001,United Kingdom,CP00,Overall Index
119.8,May-24,May-24,K02000001,United Kingdom,CP12,12 Miscellaneous goods and services
136.3,May-24,May-24,K02000001,United Kingdom,CP08,08 Communication
135.8,Jun-24,Jun-24,K02000001,United Kingdom,CP08,08 Communication
126.1,Jun-24,Jun-24,K02000001,United Kingdom,CP05,"05 Furniture, household equipment and maintenance"
135.2,Jun-24,Jun-24,K02000001,United Kingdom,CP10,10 Education
146.7,Jun-24,Jun-24,K02000001,United Kingdom,CP11,11 Restaurants and hotels
135.7,Jun-24,Jun-24,K02000001,United Kingdom,CP07,07 Transport
147,Jun-24,Jun-24,K02000001,United Kingdom,CP02,02 Alcoholic beverages and tobacco
132,Jun-24,Jun-24,K02000001,United Kingdom,CP04,"04 Housing, water, electricity, gas and other fuels"
134.2,Jun-24,Jun-24,K02000001,United Kingdom,CP06,06 Health
130.2,Jun-24,Jun-24,K02000001,United Kingdom,CP09,09 Recreation and culture
119.8,Jun-24,Jun-24,K02000001,United Kingdom,CP12,12 Miscellaneous goods and services
135.8,Jun-24,Jun-24,K02000001,United Kingdom,CP01,01 Food and non-alcoholic beverages
133,Jun-24,Jun-24,K02000001,United Kingdom,CP00,Overall Index
118.9,Jun-24,Jun-24,K02000001,United Kingdom,CP03,03 Clothing and footwear
116.8,Jul-24,Jul-24,K02000001,United Kingdom,CP03,03 Clothing and footwear
124.5,Jul-24,Jul-24,K02000001,United Kingdom,CP05,"05 Furniture, household equipment and maintenance"
132.9,Jul-24,Jul-24,K02000001,United Kingdom,CP00,Overall Index
120.6,Jul-24,Jul-24,K02000001,United Kingdom,CP12,12 Miscellaneous goods and services
146.1,Jul-24,Jul-24,K02000001,United Kingdom,CP11,11 Restaurants and hotels
135.2,Jul-24,Jul-24,K02000001,United Kingdom,CP10,10 Education
147.6,Jul-24,Jul-24,K02000001,United Kingdom,CP02,02 Alcoholic beverages and tobacco
134.5,Jul-24,Jul-24,K02000001,United Kingdom,CP06,06 Health
136.7,Jul-24,Jul-24,K02000001,United Kingdom,CP07,07 Transport
132.1,Jul-24,Jul-24,K02000001,United Kingdom,CP04,"04 Housing, water, electricity, gas and other fuels"
135.9,Jul-24,Jul-24,K02000001,United Kingdom,CP01,01 Food and non-alcoholic beverages
134.4,Jul-24,Jul-24,K02000001,United Kingdom,CP08,08 Communication
130.3,Jul-24,Jul-24,K02000001,United Kingdom,CP09,09 Recreation and culture
135.1,Aug-24,Aug-24,K02000001,United Kingdom,CP06,06 Health
132.6,Aug-24,Aug-24,K02000001,United Kingdom,CP04,"04 Housing, water, electricity, gas and other fuels"
130.9,Aug-24,Aug-24,K02000001,United Kingdom,CP09,09 Recreation and culture
145.2,Aug-24,Aug-24,K02000001,United Kingdom,CP11,11 Restaurants and hotels
135.2,Aug-24,Aug-24,K02000001,United Kingdom,CP10,10 Education
120.9,Aug-24,Aug-24,K02000001,United Kingdom,CP12,12 Miscellaneous goods and services
147.6,Aug-24,Aug-24,K02000001,United Kingdom,CP02,02 Alcoholic beverages and tobacco
134.3,Aug-24,Aug-24,K02000001,United Kingdom,CP08,08 Communication
125.2,Aug-24,Aug-24,K02000001,United Kingdom,CP05,"05 Furniture, household equipment and maintenance"
118,Aug-24,Aug-24,K02000001,United Kingdom,CP03,03 Clothing and footwear
138.4,Aug-24,Aug-24,K02000001,United Kingdom,CP07,07 Transport
133.4,Aug-24,Aug-24,K02000001,United Kingdom,CP00,Overall Index
136.2,Aug-24,Aug-24,K02000001,United Kingdom,CP01,01 Food and non-alcoholic beverages
120.5,Sep-24,Sep-24,K02000001,United Kingdom,CP03,03 Clothing and footwear
146,Sep-24,Sep-24,K02000001,United Kingdom,CP11,11 Restaurants and hotels
133.2,Sep-24,Sep-24,K02000001,United Kingdom,CP04,"04 Housing, water, electricity, gas and other fuels"
125.7,Sep-24,Sep-24,K02000001,United Kingdom,CP05,"05 Furniture, household equipment and maintenance"
135.7,Sep-24,Sep-24,K02000001,United Kingdom,CP08,08 Communication
131.6,Sep-24,Sep-24,K02000001,United Kingdom,CP09,09 Recreation and culture
137.6,Sep-24,Sep-24,K02000001,United Kingdom,CP10,10 Education
147.7,Sep-24,Sep-24,K02000001,United Kingdom,CP02,02 Alcoholic beverages and tobacco
136.7,Sep-24,Sep-24,K02000001,United Kingdom,CP01,01 Food and non-alcoholic beverages
133.5,Sep-24,Sep-24,K02000001,United Kingdom,CP00,Overall Index
135.4,Sep-24,Sep-24,K02000001,United Kingdom,CP06,06 Health
133.3,Sep-24,Sep-24,K02000001,United Kingdom,CP07,07 Transport
121.1,Sep-24,Sep-24,K02000001,United Kingdom,CP12,12 Miscellaneous goods and services
136.9,Oct-24,Oct-24,K02000001,United Kingdom,CP01,01 Food and non-alcoholic beverages
131.5,Oct-24,Oct-24,K02000001,United Kingdom,CP09,09 Recreation and culture
126.3,Oct-24,Oct-24,K02000001,United Kingdom,CP05,"05 Furniture, household equipment and maintenance"
146.3,Oct-24,Oct-24,K02000001,United Kingdom,CP11,11 Restaurants and hotels
136.2,Oct-24,Oct-24,K02000001,United Kingdom,CP06,06 Health
134.3,Oct-24,Oct-24,K02000001,United Kingdom,CP00,Overall Index
135.9,Oct-24,Oct-24,K02000001,United Kingdom,CP08,08 Communication
121.1,Oct-24,Oct-24,K02000001,United Kingdom,CP12,12 Miscellaneous goods and services
135,Oct-24,Oct-24,K02000001,United Kingdom,CP04,"04 Housing, water, electricity, gas and other fuels"
148.1,Oct-24,Oct-24,K02000001,United Kingdom,CP02,02 Alcoholic beverages and tobacco
142,Oct-24,Oct-24,K02000001,United Kingdom,CP10,10 Education
121.8,Oct-24,Oct-24,K02000001,United Kingdom,CP03,03 Clothing and footwear
133.5,Oct-24,Oct-24,K02000001,United Kingdom,CP07,07 Transport
136.3,Nov-24,Nov-24,K02000001,United Kingdom,CP06,06 Health
122.6,Nov-24,Nov-24,K02000001,United Kingdom,CP03,03 Clothing and footwear
150.2,Nov-24,Nov-24,K02000001,United Kingdom,CP02,02 Alcoholic beverages and tobacco
134.6,Nov-24,Nov-24,K02000001,United Kingdom,CP00,Overall Index
132.4,Nov-24,Nov-24,K02000001,United Kingdom,CP07,07 Transport
121.2,Nov-24,Nov-24,K02000001,United Kingdom,CP12,12 Miscellaneous goods and services
135.7,Nov-24,Nov-24,K02000001,United Kingdom,CP04,"04 Housing, water, electricity, gas and other fuels"
137.5,Nov-24,Nov-24,K02000001,United Kingdom,CP01,01 Food and non-alcoholic beverages
126.2,Nov-24,Nov-24,K02000001,United Kingdom,CP05,"05 Furniture, household equipment and maintenance"
135,Nov-24,Nov-24,K02000001,United Kingdom,CP08,08 Communication
142,Nov-24,Nov-24,K02000001,United Kingdom,CP10,10 Education
146.4,Nov-24,Nov-24,K02000001,United Kingdom,CP11,11 Restaurants and hotels
131.7,Nov-24,Nov-24,K02000001,United Kingdom,CP09,09 Recreation and culture
138.2,Dec-24,Dec-24,K02000001,United Kingdom,CP01,01 Food and non-alcoholic beverages
121.4,Dec-24,Dec-24,K02000001,United Kingdom,CP12,12 Miscellaneous goods and services
122,Dec-24,Dec-24,K02000001,United Kingdom,CP03,03 Clothing and footwear
128.1,Dec-24,Dec-24,K02000001,United Kingdom,CP05,"05 Furniture, household equipment and maintenance"
131.6,Dec-24,Dec-24,K02000001,United Kingdom,CP09,09 Recreation and culture
135.1,Dec-24,Dec-24,K02000001,United Kingdom,CP00,Overall Index
135.9,Dec-24,Dec-24,K02000001,United Kingdom,CP08,08 Communication
136.9,Dec-24,Dec-24,K02000001,United Kingdom,CP06,06 Health
146.2,Dec-24,Dec-24,K02000001,United Kingdom,CP11,11 Restaurants and hotels
149.9,Dec-24,Dec-24,K02000001,United Kingdom,CP02,02 Alcoholic beverages and tobacco
136.3,Dec-24,Dec-24,K02000001,United Kingdom,CP04,"04 Housing, water, electricity, gas and other fuels"
142,Dec-24,Dec-24,K02000001,United Kingdom,CP10,10 Education
133.8,Dec-24,Dec-24,K02000001,United Kingdom,CP07,07 Transport
135.1,Jan-25,Jan-25,K02000001,United Kingdom,CP00,Overall Index
139.4,Jan-25,Jan-25,K02000001,United Kingdom,CP01,01 Food and non-alcoholic beverages
137,Jan-25,Jan-25,K02000001,United Kingdom,CP04,"04 Housing, water, electricity, gas and other fuels"
132,Jan-25,Jan-25,K02000001,United Kingdom,CP09,09 Recreation and culture
125.1,Jan-25,Jan-25,K02000001,United Kingdom,CP05,"05 Furniture, household equipment and maintenance"
152.6,Jan-25,Jan-25,K02000001,United Kingdom,CP02,02 Alcoholic beverages and tobacco
121.6,Jan-25,Jan-25,K02000001,United Kingdom,CP12,12 Miscellaneous goods and services
133.1,Jan-25,Jan-25,K02000001,United Kingdom,CP07,07 Transport
135.9,Jan-25,Jan-25,K02000001,United Kingdom,CP08,08 Communication
144.8,Jan-25,Jan-25,K02000001,United Kingdom,CP11,11 Restaurants and hotels
118,Jan-25,Jan-25,K02000001,United Kingdom,CP03,03 Clothing and footwear
145.3,Jan-25,Jan-25,K02000001,United Kingdom,CP10,10 Education
138,Jan-25,Jan-25,K02000001,United Kingdom,CP06,06 Health
